User_id	Followers_count	Tweet_count	Username	Verified	Created_at	Location	Method	Iteration
7228352	5618	359468	theluckyman	False	2007-07-03T13:15:57.000Z	United States	Entity	0
17449331	625	643198	Eilonwy24	False	2008-11-17T20:23:39.000Z	Oregon	Entity	0
19889294	272995	220431	SolOnline	True	2009-02-02T02:27:18.000Z	Portugal	Entity	0
20724439	461	26094	jesseledesma	False	2009-02-12T22:05:31.000Z	el paso, texas, usa	Entity	0
24368338	1505	55499	danr2960	False	2009-03-14T13:33:39.000Z	Ont Canada	Entity	0
26276346	217979	254334	itwitting	False	2009-03-24T17:11:16.000Z	Portugal	Entity	0
29234408	458	225738	GREED_90	False	2009-04-06T16:30:00.000Z	Washington, DC	Entity	0
30294619	847	238460	2dogknight	False	2009-04-10T19:41:52.000Z		Entity	0
50626909	213	317172	stratosphere53	False	2009-06-25T12:06:55.000Z	Atlanta	Entity	0
85920748	4482	81808	brandonpromo	False	2009-10-28T21:45:10.000Z	St Petersburg, FL	Entity	0
136232735	2125	467742	tony_hambleton	False	2010-04-23T10:59:01.000Z	39.109 -76.77	Entity	0
185741133	702	82254	JrmChenu	False	2010-09-01T18:39:13.000Z		Entity	0
198416373	2936	403164	Fightkidscancer	False	2010-10-04T07:20:54.000Z	United States	Entity	0
281807752	4259	692939	deathtocrazy	False	2011-04-14T00:51:23.000Z	wooster,ohio	Entity	0
283604227	30975	1742688	AndyVermaut	False	2011-04-17T16:39:35.000Z	Diksmuide, Belgi√´	Entity	0
336160087	1085	90319	sacpaaz	False	2011-07-15T20:54:22.000Z	Southern Arizona	Entity	0
348229435	387	44949	StealthySmokey	False	2011-08-04T02:41:12.000Z	Cleveland, Ohio	Entity	0
362084030	34774	303767	JesusNarrowWay	False	2011-08-25T20:38:23.000Z		Entity	0
402495326	2257	437693	4tybin	False	2011-11-01T04:52:22.000Z	PNW USA	Entity	0
540085958	234	20766	ccy012	False	2012-03-29T16:03:55.000Z		Entity	0
560817896	26108	1457491	TinaMarie_80s	False	2012-04-23T04:12:35.000Z	Tennessee, USA	Entity	0
569153323	828	146300	austelme01	False	2012-05-02T14:33:38.000Z	Fulshear, TX	Entity	0
829012411	1125	319380	yasuokajihei	False	2012-09-17T12:54:55.000Z	Á•ûÂ•àÂ∑ù	Entity	0
950976000	1393	486929	FieldRoamer	False	2012-11-16T04:28:35.000Z	Southern California	Entity	0
1231954465	4669	112828	GoodVibra	False	2013-03-01T23:17:03.000Z	World	Entity	0
1350630649	240	48391	tigerband2003	False	2013-04-14T00:55:55.000Z		Entity	0
1420660507	1661	2692896	Knewz_Currently	False	2013-05-11T13:24:13.000Z	Va Beach, Virginia	Entity	0
1638422174	61	208132	Bellarusque	False	2013-08-01T17:06:23.000Z	rent free in your head	Entity	0
1711902426	1758	149207	m_Geleta_m	False	2013-08-30T06:10:02.000Z	New York . . . üá∫üá∏ USA üá∫üá∏	Entity	0
2421228369	1207	683578	TyberZannxxxx	False	2014-03-18T23:13:00.000Z	Blackwood, NJ, USA	Entity	0
2764242773	5525	571454	real_Stephanie	False	2014-09-07T20:03:05.000Z	üá∫üá∏	Entity	0
2822217000	389	79592	9bb2e5c43a21469	False	2014-09-20T16:14:04.000Z		Entity	0
2972870754	36832	117037	The_FJC	False	2015-01-10T20:10:29.000Z	United States	Entity	0
3364225491	1278	53203	DeporableDeb	False	2015-07-07T15:00:56.000Z		Entity	0
731171734292992000	30	25377	damo724	False	2016-05-13T17:18:20.000Z	Pennsylvania, USA	Entity	0
765296237331357696	10559	533515	proudCanadavet	False	2016-08-15T21:16:56.000Z	Canada 	Entity	0
798711382044708864	2054	244242	ItWasACoup	False	2016-11-16T02:16:47.000Z		Entity	0
825488341197942784	11236	622283	Vmbritsch	False	2017-01-28T23:38:52.000Z	Greater Denver, CO	Entity	0
841691667602255872	3738	229309	FightFakeNews4	False	2017-03-14T16:45:06.000Z	United States	Entity	0
871385315029725184	1317	107973	DarkHorse048	False	2017-06-04T15:17:03.000Z		Entity	0
896661935269302272	2054	35201	FrankHan8964	False	2017-08-13T09:17:19.000Z	United States	Entity	0
951245732333473792	592	216647	jgftn00	False	2018-01-11T00:13:50.000Z		Entity	0
952146923057766400	120	26759	timjones1001	False	2018-01-13T11:54:51.000Z		Entity	0
963770373396484096	37	12494	CongasMaracas	False	2018-02-14T13:42:17.000Z	France	Entity	0
1039084269962813440	16706	13429	QuintFactCheck	True	2018-09-10T09:32:50.000Z	India	Entity	0
1216809146600824832	3720	132523	YukiNek56432140	False	2020-01-13T19:49:02.000Z	Lieu de naissance Kyoto	Entity	0
1237764099066429440	1876	29303	MGKTSI	False	2020-03-11T15:36:18.000Z		Entity	0
1246850580191907840	1758	575398	bungobot1	False	2020-04-05T17:22:06.000Z	In your book	Entity	0
1260829732607791104	265	60700	JulienM__	False	2020-05-14T07:10:57.000Z		Entity	0
1281303947857113088	1119	295202	VickiMo08056436	False	2020-07-09T19:08:12.000Z		Entity	0
1453155411620765696	424	64973	hatejacktoo	False	2021-10-27T00:23:59.000Z		Entity	0
5744772	14490	452751	Jodzio	False	2007-05-03T16:22:57.000Z	HTown 	Entity	1
14253400	6718	135409	bywillpollock	False	2008-03-29T21:01:16.000Z	Perpetual state of outr@ge	Entity	1
15235231	14643	252015	laserhaas01	False	2008-06-25T19:08:57.000Z	Roaming NY, DE, CA, DC or OK 	Entity	1
15965877	2191	502604	aziegler	False	2008-08-24T04:31:49.000Z	Washington, USA	Entity	1
16315143	57653	128443	kelly2277	False	2008-09-16T18:48:45.000Z	 Global	Entity	1
16678793	2997	176454	tend2wobble	False	2008-10-10T03:25:20.000Z		Entity	1
18989239	8605	234664	coastalmom11	False	2009-01-14T18:49:20.000Z	California, USA	Entity	1
19393766	3024	944360	jjj5819	False	2009-01-23T13:30:26.000Z	New York, USA	Entity	1
20146913	2496	411296	B_Sputnik	False	2009-02-05T13:20:58.000Z	He / Him / Dude / Bro	Entity	1
20288594	1535	239026	peaceplay	False	2009-02-07T01:50:52.000Z	Chicago	Entity	1
20693877	21658	107599	SuppUsa	False	2009-02-12T17:07:54.000Z	Chicago	Entity	1
23452847	15816	74762	jzikah	False	2009-03-09T16:10:28.000Z		Entity	1
24766375	1081	83038	dbrownnh	False	2009-03-16T20:48:18.000Z	Granite State	Entity	1
25275469	1206	55461	changingger	False	2009-03-19T12:03:39.000Z	On the Calabash River	Entity	1
25701565	1081	670134	KIMPY123	False	2009-03-21T17:39:00.000Z		Entity	1
25987846	5510	233970	Yazzy_321	False	2009-03-23T11:55:10.000Z	Rabbit Hole. Earth. 	Entity	1
28833436	7229	171091	Rockmedia	False	2009-04-04T17:32:44.000Z	Nicer in person than here.	Entity	1
29088974	6162	148314	zenscreamer	False	2009-04-05T23:05:18.000Z	Massachusetts, USA	Entity	1
33799404	4643	440843	Pen_Bird	False	2009-04-21T03:46:16.000Z	north of Batiquitos Lagoon	Entity	1
35533492	10830	158420	sarahbeth0404	False	2009-04-26T18:54:13.000Z	Kinfauns	Entity	1
36902944	18667	190614	TrueBlue4u2	False	2009-05-01T07:15:03.000Z	NC, USA	Entity	1
47294354	916	98391	itssuzann	False	2009-06-15T08:50:44.000Z	 Canada	Entity	1
71977357	1482	607915	digyoursoul	False	2009-09-06T05:51:21.000Z		Entity	1
77244409	4404	676774	deesbarbara	False	2009-09-25T15:56:58.000Z	Crestview Florida...gulf coast	Entity	1
79709538	1859	124733	amys_here	False	2009-10-04T11:23:32.000Z	Canada	Entity	1
86669274	1861	582249	Masky_Jay_Hoody	False	2009-11-01T05:54:24.000Z		Entity	1
104208920	6630	171533	sprzyslp	False	2010-01-12T16:43:06.000Z	United States	Entity	1
114549208	1291	752081	adekleine	False	2010-02-15T20:02:04.000Z		Entity	1
119322388	2558	161359	EarthImpi	False	2010-03-03T08:49:20.000Z		Entity	1
124267704	12908	636458	meomy1236	False	2010-03-18T20:51:42.000Z	United States	Entity	1
131056491	4871	421022	chickilopiccolo	False	2010-04-09T04:03:18.000Z	Earth	Entity	1
131437732	3481	98192	modernhomesla	False	2010-04-10T07:49:55.000Z	Los Angeles	Entity	1
133914833	3196	316677	zipillinois	False	2010-04-17T00:17:35.000Z		Entity	1
141448240	1416	91332	proudbluetexan	False	2010-05-08T03:45:12.000Z	Austin, TX	Entity	1
146906013	1396	86779	egrattan	False	2010-05-22T17:12:08.000Z		Entity	1
149763376	12105	531776	purrmonsta	False	2010-05-30T04:44:02.000Z	United States	Entity	1
154136730	2335	450158	JDignum	False	2010-06-10T13:24:32.000Z	Albertastan	Entity	1
154433522	4972	772208	sexygirl798	False	2010-06-11T06:27:49.000Z		Entity	1
154972344	1049	124617	l_menz	False	2010-06-12T19:02:05.000Z		Entity	1
173058421	5441	62123	greencounterktd	False	2010-07-31T09:02:23.000Z	the bay	Entity	1
177423199	5373	66318	arapaho415	False	2010-08-12T02:48:22.000Z	Ventura County CA	Entity	1
206576967	5015	34065	mopeng	False	2010-10-23T07:35:27.000Z	Australia	Entity	1
234513344	199	92351	askgro	False	2011-01-05T21:06:37.000Z		Entity	1
236709875	1258	59433	primitiveradio	False	2011-01-11T05:46:49.000Z	San Francisco, CA	Entity	1
241406440	4322	491173	smp0312	False	2011-01-22T05:14:21.000Z	Earth. Presently.  	Entity	1
243478422	2988	123164	CapeQueen75	False	2011-01-27T03:54:05.000Z	SF Bay Area, Clearlake, Boston	Entity	1
264861120	5780	639612	WhirledCitizen_	False	2011-03-12T15:39:10.000Z		Entity	1
329747607	325	10194	LucyKoch	False	2011-07-05T15:24:12.000Z	Ohio, USA	Entity	1
342050953	3658	323830	Garage_Floor	False	2011-07-25T11:54:36.000Z	Northeast	Entity	1
363549180	313	44494	Patz_77	False	2011-08-28T08:12:08.000Z	Delaware 	Entity	1
392386671	9310	190920	barbetta1	False	2011-10-16T23:31:04.000Z	DON'T BLAME ME, I VOTED NOTLEY	Entity	1
436928528	694	291362	3015nyac	False	2011-12-14T19:09:42.000Z	Queens, NY	Entity	1
478295779	6266	220435	MsDuhMeanor	False	2012-01-30T03:52:06.000Z	Annapolis, MD	Entity	1
564062537	245	272929	dawnslight2	False	2012-04-26T21:42:05.000Z		Entity	1
760395242	4311	446354	MamurphyMaureen	False	2012-08-15T23:40:08.000Z	Thee DMV	Entity	1
769702230	13190	606931	YDanasmithdutra	False	2012-08-20T15:21:50.000Z	Fairhope, Alabama	Entity	1
880624412	4249	375885	CindyCinnis	False	2012-10-14T17:47:05.000Z	Texas, USA	Entity	1
902448516	13173	390845	KatrinaHagen2	False	2012-10-24T19:31:45.000Z	Long Beach, CA	Entity	1
917515800	3553	410904	_strate	False	2012-10-31T19:35:36.000Z	Coon Rapids, MN	Entity	1
954371557	3873	160172	JupiterDi1112	False	2012-11-17T21:34:45.000Z	BC	Entity	1
980841944	711	466618	DianeEugenio	False	2012-11-30T17:00:46.000Z	Florida, USA	Entity	1
1003156939	1910	274871	ShijeSings	False	2012-12-11T02:52:12.000Z	Earth Native	Entity	1
1009657568	427	52409	ZipNadaZeroBox	False	2012-12-13T20:31:52.000Z	California	Entity	1
1109691894	852	262418	hatchdent	False	2013-01-21T18:14:27.000Z	So Cal	Entity	1
1681834466	1169	22936	jvals11	False	2013-08-18T23:08:21.000Z		Entity	1
1694505356	4382	371905	MoistureVapor8r	False	2013-08-23T18:22:11.000Z	San Diego, CA	Entity	1
1867750286	3493	875181	cotey_mary	False	2013-09-15T13:30:27.000Z		Entity	1
1884977676	2317	296264	seeCFC	False	2013-09-20T01:44:23.000Z		Entity	1
1923590408	5474	380340	jmreycroft	False	2013-10-01T14:12:00.000Z	West Central Florida 	Entity	1
1961448242	1441	55894	SDEnyaRedRain	False	2013-10-14T22:45:13.000Z		Entity	1
2183113232	1090	233217	MHWills	False	2013-11-08T22:26:17.000Z	New England	Entity	1
2193135944	23557	337276	Saintsfan5348	False	2013-11-13T23:36:26.000Z	Your Conscience	Entity	1
2231699054	8161	188790	RealBristolNews	False	2013-12-05T16:15:56.000Z	Bristol, England	Entity	1
2274647018	618	75837	TheRealABOne	False	2014-01-03T15:17:25.000Z		Entity	1
2281354530	2749	30491	myrubypearl	False	2014-01-08T00:39:24.000Z	Dallas, TX	Entity	1
2294594763	325	10769	braintreebrat	False	2014-01-21T01:44:27.000Z	@	Entity	1
2592410190	7207	964167	MayIrmamay14	False	2014-06-28T04:05:33.000Z	Texas, USA	Entity	1
2634674280	294	31848	couponer595	False	2014-07-13T04:25:27.000Z	United States	Entity	1
2704027533	6431	124499	j2dumfounded	False	2014-07-12T17:50:57.000Z	A redwood forest, Californiaüå≤	Entity	1
2750369134	2008	326239	vtaylor9188	False	2014-08-23T02:45:25.000Z	United States	Entity	1
2759928466	2638	174222	tankart150	False	2014-09-02T23:30:51.000Z	Oviedo, FL(formerly Jax Beach)	Entity	1
2770706394	1610	29642	WendyBugliari	False	2014-08-26T18:15:51.000Z	Pennsylvania, USA	Entity	1
2847140499	11763	266418	Diana_Chumley	False	2014-10-27T19:37:27.000Z	Tennessee, USA	Entity	1
2856133189	2666	729016	PINK1963DSW	False	2014-10-15T00:12:08.000Z	BRYANT AR/Ark	Entity	1
2863304846	2955	45940	ItIsIMack	False	2014-10-18T19:28:00.000Z	California, USA	Entity	1
3022172350	2165	78119	Haggard_Harold	False	2015-02-06T20:33:25.000Z	Near Rainier	Entity	1
3039785666	23998	108584	Rickster_75	False	2015-02-24T14:58:51.000Z	Southern California	Entity	1
3139857121	812	123641	twothewoods1	False	2015-04-05T05:22:39.000Z		Entity	1
3148420057	9098	114346	turttle63	False	2015-04-10T16:36:24.000Z	Tucson, AZ	Entity	1
3349300152	2010	316772	doglovingfool	False	2015-08-26T14:41:43.000Z		Entity	1
3377454681	1078	111242	anabl18	False	2015-07-15T16:16:01.000Z	London, England	Entity	1
3528564315	16544	943843	Betterw05759703	False	2015-09-03T00:35:44.000Z	Missouri, USA	Entity	1
3644915056	54924	315006	HunterJCullen	False	2015-09-13T18:40:25.000Z	Bloomington, IN	Entity	1
4501434974	3480	688785	mstepczyk	False	2015-12-08T23:16:32.000Z		Entity	1
4750089675	378	85889	samcg_mcgrath	False	2016-01-09T02:22:07.000Z		Entity	1
4860754826	1743	161921	HiblerDana	False	2016-02-04T21:11:33.000Z	my happy place	Entity	1
718426119951753216	915	77869	xenn1al	False	2016-04-08T13:11:49.000Z	Inside The Simulation	Entity	1
718593156384559104	6590	147756	LongAsUCan2	False	2016-04-09T00:15:34.000Z	Somewhere In UT	Entity	1
724327951370579968	3050	528274	1jasliz	False	2016-04-24T20:03:35.000Z	United States üá∫üá∏	Entity	1
766057748316422147	6818	477334	ParryPierce	False	2016-08-17T23:42:54.000Z	PNW	Entity	1
768453142023401472	956	40100	traci_warhurst	False	2016-08-24T14:21:21.000Z	Alabama, USA	Entity	1
780095449092935680	844	31379	IndigoRoad102	False	2016-09-25T17:23:43.000Z		Entity	1
798664982410002432	460	187203	DMBincredible	False	2016-11-15T23:12:25.000Z	Michigan, USA	Entity	1
809963614249619456	397	76572	annemidd1	False	2016-12-17T03:29:08.000Z		Entity	1
812497733542092800	785	131633	BarbaraSakai1	False	2016-12-24T03:18:49.000Z	New York, USA	Entity	1
822162224341024768	1241	37281	SandraBHaynes45	False	2017-01-19T19:22:04.000Z	Bay Area, CA	Entity	1
824898533203406848	5897	161712	LadyDonalee	False	2017-01-27T08:35:11.000Z	USA	Entity	1
827617750172434435	1001	101587	YourKarmicVenus	False	2017-02-03T20:40:22.000Z	Wonderland üçÑüåøüåª	Entity	1
837028549919854592	1882	34198	Cre8NoH8	False	2017-03-01T19:55:32.000Z	Los Angeles, CA	Entity	1
860610470939697153	2622	299169	Washerein17	False	2017-05-05T21:41:40.000Z	Colorado, US	Entity	1
862837228569063424	4342	89681	ellyn_gesell	False	2017-05-12T01:10:00.000Z		Entity	1
864487498935787520	35038	694364	rhonda_harbison	False	2017-05-16T14:27:35.000Z		Entity	1
868648623608741888	4363	571539	dollymad1812	False	2017-05-28T02:02:25.000Z	America the Beautiful	Entity	1
871130878130483200	1550	16938	platoinCT	False	2017-06-03T22:26:01.000Z	On the margin of modernity	Entity	1
873185490375233537	8235	327825	SusanChubb1	False	2017-06-09T14:30:18.000Z		Entity	1
876558081026600963	19557	320802	Norberta36	False	2017-06-18T21:51:46.000Z	üåéof Mystery	Entity	1
889165333742878721	767	25431	CBartlett1963	False	2017-07-23T16:48:30.000Z		Entity	1
901108721924878336	18047	352197	eyemagistus	False	2017-08-25T15:47:15.000Z	OKC	Entity	1
902689690704367616	2191	318654	jdf754	False	2017-08-30T00:29:28.000Z	Rustbelt City	Entity	1
919965874311782400	26304	228925	Tentoads4truth	False	2017-10-16T16:38:51.000Z		Entity	1
931377309247987713	382	12108	snoozin19	False	2017-11-17T04:23:49.000Z	California, USA	Entity	1
933873023257518080	6354	375064	dianesbaker1	False	2017-11-24T01:40:54.000Z	Vancouver, British Columbia	Entity	1
937138207098994688	1110	250170	42_dolphins	False	2017-12-03T01:55:34.000Z	West of you	Entity	1
959535310328737792	5133	139700	100FrogLegs	False	2018-02-02T21:13:40.000Z	Georgia, USA	Entity	1
971123887407796225	2036	94091	Standupchai	False	2018-03-06T20:42:32.000Z	SharpieGate Zone, Alabama, USA	Entity	1
978776569916284928	13075	98361	Loveon999	False	2018-03-27T23:31:33.000Z	Tucson, AZ	Entity	1
984610474556731393	3850	144395	TeresaCCarter2	False	2018-04-13T01:53:25.000Z	Texas	Entity	1
998336153831944192	2116	165009	Nodilbit	False	2018-05-20T22:54:22.000Z		Entity	1
1014293900092047360	5392	133760	JillianOhana	False	2018-07-03T23:44:45.000Z	Washington, USA	Entity	1
1022640536702935040	1550	44926	words_matter18	False	2018-07-27T00:31:18.000Z	Michigan, USA	Entity	1
1031631901449179136	1044	112672	OneMargaretx	False	2018-08-20T19:59:46.000Z	 NYC	Entity	1
1044231098006425601	4319	118231	SBMcCallister	False	2018-09-24T14:24:29.000Z	Virginia	Entity	1
1066860162152050688	8412	536810	OdoyleCharlotte	False	2018-11-26T01:04:18.000Z	Soviet Florida	Entity	1
1095006863417098240	848	62682	beth_bostic	False	2019-02-11T17:09:15.000Z	Winston-Salem, NC	Entity	1
1112446900962320392	2443	48641	satirehat	False	2019-03-31T20:09:44.000Z	Dystopia USA	Entity	1
1120211230659051520	19157	89304	TheGREATHoudin2	False	2019-04-22T06:22:24.000Z		Entity	1
1130292424276873216	1743	135160	fizzily1	False	2019-05-20T02:01:28.000Z	manhattan	Entity	1
1145956207582072832	146	59714	prolibvet	False	2019-07-02T07:23:45.000Z	earth	Entity	1
1160200911299366912	904	169478	genereaux2019	False	2019-08-10T14:47:07.000Z		Entity	1
1160560266268028931	2135	41708	janicefrye0846	False	2019-08-11T14:35:04.000Z	Texas, USA	Entity	1
1165767786150285312	27019	99159	clearing_fog	False	2019-08-25T23:28:02.000Z	Nashville raised, now in SoCal	Entity	1
1166059680373735424	159	124743	Morrie2019	False	2019-08-26T18:48:11.000Z		Entity	1
1182223942984953856	1790	47243	FastMaster001	False	2019-10-10T09:19:12.000Z		Entity	1
1194756382068760582	625	18198	Grumpiest17	False	2019-11-13T23:20:48.000Z		Entity	1
1199765357935751169	424	71037	SeeleSays	False	2019-11-27T19:02:21.000Z	Oregon, USA	Entity	1
1214738012673736705	739	589635	Stlhd100	False	2020-01-08T02:38:22.000Z		Entity	1
1224812529676771328	19999	121997	treesforTrump	False	2020-02-04T21:52:49.000Z		Entity	1
1237844466725048330	511	33484	Jim2Super	False	2020-03-11T20:55:03.000Z		Entity	1
1241066523772571650	1849	195429	BetheMckenzie	False	2020-03-20T18:20:08.000Z	Texas	Entity	1
1243978078344396801	2016	49116	JenM5157	False	2020-03-28T19:07:50.000Z	New York, NY	Entity	1
1264394254035464192	841	8621	HeroVindman	False	2020-05-24T03:15:02.000Z		Entity	1
1264459209405579271	2584	413543	caz5697	False	2020-05-24T07:32:33.000Z		Entity	1
1270673098493300742	920	195604	slotsqueen31	False	2020-06-10T11:04:57.000Z		Entity	1
1279467393677504513	3102	34657	StringwallApp	False	2020-07-04T17:34:24.000Z	Dayton, OH	Entity	1
1309298969361567744	3352	151661	JulipTide	False	2020-09-25T01:09:54.000Z	Where i Lay my Head	Entity	1
1314324787691429890	1348	293389	BMT8291	False	2020-10-08T22:00:36.000Z	New York, USA	Entity	1
1316468089018609670	18633	56476	gal_suburban	False	2020-10-14T19:57:17.000Z	Chasing Rabbits	Entity	1
1339828628926980096	576	30411	Mcdonald77M	False	2020-12-18T07:04:12.000Z		Entity	1
1349828301141864453	492	25990	angel32my	False	2021-01-14T21:19:51.000Z		Entity	1
1370469368237285381	223	16175	Tikkunolam14	False	2021-03-12T20:20:11.000Z	Kansas, USA	Entity	1
1378356290351738884	1997	65614	jan_forney	False	2021-04-03T14:39:43.000Z		Entity	1
1414254374256316416	1016	39304	ImranUk7	False	2021-07-11T16:06:14.000Z	UK-US-Canada	Entity	1
15137097	32855	176950	js_newswatch	True	2008-06-16T18:39:31.000Z	Milwaukee, WI	Entity	1
17895820	941797	1086198	Daily_Express	True	2008-12-05T12:05:48.000Z	London	Entity	1
19088288	96271	1122040	bannerite	False	2009-01-16T22:15:51.000Z	Illinois, USA	Entity	1
39666268	4856	484874	hrothenb	False	2009-05-13T02:28:38.000Z		Entity	1
51728851	6337	270349	Bewitched9	False	2009-06-28T13:27:58.000Z		Entity	1
55204143	109721	335050	MirrorCeleb	True	2009-07-09T10:59:24.000Z	UK	Entity	1
88394635	33508	135341	lilo623	False	2009-11-08T10:37:49.000Z	NW Washington state, USAüá∫üá∏	Entity	1
189806241	12211	1094261	CaligirlLeftie	False	2010-09-12T08:06:07.000Z	ClownWorld 	Entity	1
264451340	4471	975151	onahunttoday	False	2011-03-11T23:00:53.000Z	USA	Entity	1
292898515	1300	518595	vmrwanda	False	2011-05-04T12:31:42.000Z		Entity	1
480923004	2214	380092	ReneeMcCone	False	2012-02-02T02:42:17.000Z		Entity	1
510905039	441	58331	AndyMcDandyCDN	False	2012-03-01T21:47:10.000Z	Oshawa	Entity	1
629751550	548	377413	Mykiwitwit	False	2012-07-08T00:08:13.000Z		Entity	1
942235573	796	48762	trajan2448	False	2012-11-11T21:04:40.000Z		Entity	1
1169438480	8459	879948	OldSalz	False	2013-02-11T16:55:25.000Z	NJ, USA	Entity	1
1182947209	8195	877686	DennisKoch10	False	2013-02-15T15:19:52.000Z	Edmonton Alberta	Entity	1
2285643073	907	56099	sleepyinIl	False	2014-01-10T21:02:35.000Z	Dodging bullets in the Chi... 	Entity	1
2455700293	709	211958	Conceptengager	False	2014-04-20T23:38:07.000Z		Entity	1
2491664966	465	103039	PKB_Canada	False	2014-05-12T16:20:06.000Z	Canada	Entity	1
3064146644	2147	336052	SATYAJIT1910	False	2015-03-06T06:52:51.000Z	Earth	Entity	1
3227359728	2249	343682	klonokid	False	2015-05-26T18:22:32.000Z	Chicago, IL	Entity	1
3228396854	641	54906	gkcfan21	False	2015-05-27T17:44:31.000Z	Massachusetts, USA	Entity	1
3436761485	28397	105794	MAGA__Patriot	False	2015-08-23T14:22:13.000Z		Entity	1
4697664391	274	446965	Celestebyrne3	False	2016-01-02T17:52:44.000Z	USA	Entity	1
817488870686101504	1258	574635	SandyKAlano	False	2017-01-06T21:51:49.000Z	Apache Junction, AZ	Entity	1
902268741844692992	40	24968	tanstaafler	False	2017-08-28T20:36:46.000Z	Bukara, Uzbekistan	Entity	1
1005103898556760064	811	174450	unfakingnews	False	2018-06-08T15:06:58.000Z	Madrid, Spain	Entity	1
1150795283527159808	266	78928	alexis3391	False	2019-07-15T15:52:31.000Z		Entity	1
1162779138740015104	6364	241666	KeepItBlueDems	False	2019-08-17T17:32:32.000Z	Kevin McCarthy Sucks	Entity	1
1178625170828906496	2101	33741	expressceleb	True	2019-09-30T10:58:44.000Z		Entity	1
7553152	2030	7790	dwpshields	False	2007-07-18T08:40:47.000Z	Fort Lauderdale, FL	Entity	2
8953122	688379	59690	PolitiFact	True	2007-09-18T15:08:32.000Z	Washington, DC	Entity	2
15122760	1128	21673	markmetz	False	2008-06-15T05:59:06.000Z	SF Bay Area	Entity	2
17267116	2504	80608	MsPacNWer	False	2008-11-09T10:35:05.000Z	PacNW üá∫üá∏üá®üá¶ üá∫üá¶  	Entity	2
19590168	4339	134206	MizQue	False	2009-01-27T12:55:27.000Z	Ohio 	Entity	2
22804865	21015	296024	trcfwtt	False	2009-03-04T17:38:19.000Z	Rabbit Holes	Entity	2
25583912	1400	9549	ralphaclark	False	2009-03-20T21:53:19.000Z	Oakland, CA	Entity	2
35157660	42024	135070	Heidi_Cuda	False	2009-04-25T05:37:30.000Z	Los Angeles, CA	Entity	2
60674171	2650	47105	julyriver	False	2009-07-27T18:42:12.000Z	Delaware, USA	Entity	2
64452245	862	66481	aandasgram	False	2009-08-10T17:01:26.000Z		Entity	2
65750376	309	28538	pete_artist	False	2009-08-14T22:14:21.000Z		Entity	2
98799275	70033	106626	goldisez	False	2009-12-23T04:51:39.000Z		Entity	2
111438456	889	112858	DenyThemEssence	False	2010-02-04T22:59:06.000Z	Burpelson AFB	Entity	2
113208276	5599	82403	HewittNewton	False	2010-02-11T02:01:51.000Z		Entity	2
277202090	10749	216340	BodhisattvaKat	False	2011-04-04T22:18:33.000Z	Universal Mass Consciousness	Entity	2
305243657	1656	116045	Lov_dem66	False	2011-05-25T21:53:23.000Z		Entity	2
307083860	109064	169323	8_27J	False	2011-05-29T00:34:58.000Z	St Louis, MO	Entity	2
370080511	4190	71720	loonyberg	False	2011-09-08T12:41:23.000Z		Entity	2
456361587	2930	207330	SpeakUp407	False	2012-01-06T04:59:12.000Z	Alberta	Entity	2
461073163	212	10153	cliffjx	False	2012-01-11T12:23:37.000Z	Swansea, Wales	Entity	2
479930007	1013	30448	ImDrinknWyn	False	2012-01-31T22:57:43.000Z		Entity	2
526101087	6401	158189	HoneybadgerLA	False	2012-03-16T06:31:17.000Z	California Republic	Entity	2
616458683	4514	122907	A1VerminRemover	False	2012-06-23T20:47:55.000Z	Michigan, USA	Entity	2
624963892	4853	82270	janeworld1	False	2012-07-02T20:04:56.000Z	UpsidedownStatesofAmerica 	Entity	2
851442715	813	84683	tammy_sager	False	2012-09-28T17:24:20.000Z		Entity	2
894274440	1868	66200	PhillyComptonMW	False	2012-10-21T00:06:50.000Z	Philadelphia	Entity	2
1064463919	916	97623	BpBparker44	False	2013-01-06T01:20:16.000Z	Texas, USA	Entity	2
1292706872	984	15904	bruceaswanton	False	2013-03-23T22:38:59.000Z	New Mexico, USAüá∫üá¶	Entity	2
1378069676	301	21418	DonnaSteffy	False	2013-04-24T21:49:19.000Z		Entity	2
1867596428	16193	144097	TommasinaResist	False	2013-09-15T12:43:02.000Z	USA	Entity	2
1957837244	8535	278988	pinewoodsdojo	False	2013-10-13T02:19:21.000Z	Hell, MI	Entity	2
2263480177	614	19861	DeeZene	False	2013-12-26T23:40:08.000Z	United States	Entity	2
2384237328	4792	70183	LaineyRubin	False	2014-03-11T21:49:54.000Z		Entity	2
2528233098	4171	54911	MMMPeg59	False	2014-05-27T20:47:48.000Z	Somewhere Over the Rainbow	Entity	2
2610309458	2968	178206	ph00ligan	False	2014-07-07T19:17:30.000Z	space	Entity	2
2763639908	1777	63589	SpiralCow	False	2014-08-24T19:22:46.000Z	.	Entity	2
2855329598	77	98254	upshotme	False	2014-10-14T08:46:30.000Z	Planet Earth. World Citizen.	Entity	2
3304282897	1414	139873	mikes_booh	False	2015-08-02T12:14:36.000Z		Entity	2
3312585086	2978	247355	atMelsDiner	False	2015-08-11T16:12:10.000Z	So. Ca.	Entity	2
3312840571	33592	237589	criteria681	False	2015-08-11T22:42:52.000Z		Entity	2
3435940588	24419	1117588	PatriotMarie70	False	2015-08-22T20:05:10.000Z	TrumpTrain, USA	Entity	2
3551046323	5669	916284	carrybeyond	False	2015-09-05T02:46:54.000Z		Entity	2
3817255283	767	129243	escapedacult	False	2015-09-29T19:01:07.000Z	Nowhere USA	Entity	2
4095233806	616	24647	lemming_last	False	2015-11-02T05:42:23.000Z	South Carolina, USA	Entity	2
4230938057	2403	751112	ElkeHollings	False	2015-11-20T01:57:23.000Z		Entity	2
4299142337	1931	38836	kmemjb	False	2015-11-27T19:04:45.000Z		Entity	2
714949505720823808	20573	1054295	DebraMMason1	False	2016-03-29T22:57:00.000Z		Entity	2
715566628138778624	1740	112554	FayeCook19	False	2016-03-31T15:49:13.000Z	Folly Beach, SC	Entity	2
730603182896746496	2429	128045	RussellSieg	False	2016-05-12T03:39:07.000Z		Entity	2
787353069180768256	3563	279894	materia1wor1d	False	2016-10-15T18:02:54.000Z		Entity	2
818879755818778627	1053	308453	cunat_n	False	2017-01-10T17:58:42.000Z		Entity	2
825431014554083330	1754	249136	Taragolf1	False	2017-01-28T19:51:04.000Z		Entity	2
829152749552025600	2804	74561	JeffJWarwick	False	2017-02-08T02:19:55.000Z	In state of disbelief at GOP	Entity	2
833150701211623424	9995	205476	SeeHateGoAway	False	2017-02-19T03:06:21.000Z	Utah, USA	Entity	2
848329840864276480	14908	73907	Amy95474055	False	2017-04-02T00:22:50.000Z	California, USA	Entity	2
880131334391439360	3166	88062	stonesister7	False	2017-06-28T18:30:36.000Z		Entity	2
890058174463594496	8476	351362	BiznezNuna	False	2017-07-26T03:56:20.000Z	Arizona, USA	Entity	2
898541705124651009	2199	199194	leesgirl9	False	2017-08-18T13:46:51.000Z	Columbus, OH	Entity	2
915143128356675584	1741	51788	EelZebra	False	2017-10-03T09:14:59.000Z	United States Minor Outlying Islands	Entity	2
918733847579283456	8283	581734	MemeBurk	False	2017-10-13T07:03:13.000Z	Texas, USA, World, Universe	Entity	2
919252864534548481	442	154729	CristinaTarrin1	False	2017-10-14T17:25:36.000Z		Entity	2
936685568242737153	5470	208129	FurzKathy	False	2017-12-01T19:56:57.000Z		Entity	2
970445068841533443	6550	65888	DannyHulse3	False	2018-03-04T23:45:09.000Z	Desert living	Entity	2
990686306933014538	1279	23694	__nonconformity	False	2018-04-29T20:16:36.000Z	St. Louis, MO 	Entity	2
991815348692271104	2027	62000	AShoutOutfromMN	False	2018-05-02T23:03:01.000Z	On Earth, MN	Entity	2
1016115184363032576	7481	80718	ray_osa	False	2018-07-09T00:21:53.000Z	Somewhere, GA	Entity	2
1062348800721862656	12419	99077	DavidManOnFire	False	2018-11-13T14:17:46.000Z	Florid-ish	Entity	2
1157772858074025986	1330	48161	nwTGcpvrO1h3BpH	False	2019-08-03T21:58:54.000Z	Cheektowaga, NY	Entity	2
1163682163872501761	92	5939	ENDTHISSHITSHOW	False	2019-08-20T05:20:30.000Z	Close to the Edge	Entity	2
1197600245686906881	29300	121610	Lauria1960	False	2019-11-21T19:39:13.000Z	Green Brook, NJ	Entity	2
1220002905060593664	2767	156304	DuRoRoDu	False	2020-01-22T15:20:36.000Z	United States of Corona	Entity	2
1253742828284375041	2389	66757	ABrat626	False	2020-04-24T17:49:33.000Z	Arizona, USA 	Entity	2
1267983593877331968	1054	115638	jsandersbrumit	False	2020-06-03T00:57:21.000Z	Turtle Island	Entity	2
1269608210434068483	25198	69544	GabiNga1	False	2020-06-07T12:33:07.000Z		Entity	2
1277267894301122561	637	12660	Daulphin3	False	2020-06-28T15:49:58.000Z		Entity	2
1280648773346066432	642	82163	SElsworth4	False	2020-07-07T23:44:15.000Z	Southernmost Southern CA	Entity	2
1301238635057090560	200	65667	Patrick57200851	False	2020-09-02T19:20:59.000Z		Entity	2
1305130153970929665	489	35166	ManMaytag	False	2020-09-13T13:08:30.000Z		Entity	2
1305824661519970314	443	21126	ClimaxPragmatic	False	2020-09-15T11:04:04.000Z	Texas 	Entity	2
1311075491160485890	2281	111342	blueninety90	False	2020-09-29T22:49:20.000Z		Entity	2
1313870288094986241	11833	172254	Dixie202021	False	2020-10-07T15:54:36.000Z		Entity	2
1326305299632967680	822	19592	HeatherHawort17	False	2020-11-10T23:26:45.000Z	Texas	Entity	2
1345548698432913408	3177	53356	CindyDB89	False	2021-01-03T01:53:21.000Z		Entity	2
1364210016387932160	47	4644	BlueRocks20	False	2021-02-23T13:47:18.000Z	The VPN van !	Entity	2
1367631396404133889	23407	75381	HannahE7291	False	2021-03-05T00:22:02.000Z		Entity	2
1380584377281875971	2683	10693	MichaelFinnell5	False	2021-04-09T18:13:29.000Z		Entity	2
1393709830477688835	662	15740	AmbienStupor	False	2021-05-15T23:28:32.000Z	On a lake in Texas	Entity	2
1401022685832826881	214	2559	braisincapital	False	2021-06-05T03:47:06.000Z	California, USA	Entity	2
1402068706361069576	817	30701	TheeRougarou	False	2021-06-08T01:03:28.000Z	Louisiana	Entity	2
1420235941785096197	1508	6149	lunaflorgitana	False	2021-07-28T04:13:52.000Z	New York, USA	Entity	2
1422229579108806656	190	52264	AintStill	False	2021-08-02T16:15:40.000Z		Entity	2
1426563572675584005	648	51990	AmySandSand	False	2021-08-14T15:17:26.000Z	Syracuse, NY	Entity	2
1455666318926131202	1634	59966	karlahandley7	False	2021-11-02T22:42:02.000Z	Lower Mitten	Entity	2
1479509832390610946	751	19015	FightingForDem7	False	2022-01-07T17:46:57.000Z	I'm your neighbor 	Entity	2
1485388309362790405	1682	65838	BtheChangeUsek	False	2022-01-23T23:09:33.000Z	The Universe	Entity	2
16317079	4959	225718	jefe_viejo	False	2008-09-16T20:31:01.000Z		Headline	0
35785401	2184202	316211	UniNoticias	True	2009-04-27T16:29:42.000Z	Estados Unidos	Headline	0
108975367	3229	239768	Doembon	False	2010-01-27T15:47:24.000Z	Pennsylvania	Headline	0
126729164	3625	170224	abripi	False	2010-03-26T20:19:35.000Z	Brazil	Headline	0
152072446	2034	69102	1angrymofo	False	2010-06-05T00:52:42.000Z		Headline	0
176292487	3602	495826	Trumplar	False	2010-08-09T03:48:28.000Z	Coronado, CA	Headline	0
413407657	4627	388735	MomRovin	False	2011-11-15T21:10:00.000Z		Headline	0
1653065412	95	16754	Stephen_Houser	False	2013-08-07T14:34:20.000Z	Myrtle Beach, SC	Headline	0
2299826742	12863	225128	NoSurrender200	False	2014-01-19T14:58:05.000Z	NC	Headline	0
2781080976	6166	124811	RichOowen2	False	2014-08-30T20:59:50.000Z	USA	Headline	0
3195891984	3758	28388	FamilyJohanna	False	2015-05-15T04:42:17.000Z	Ireland and Australia	Headline	0
760732579528073216	7127	38020	Gods_Trumpets	False	2016-08-03T07:02:35.000Z	God Bless America forever!	Headline	0
1014161844213170176	380	105348	Struth92701547	False	2018-07-03T15:00:00.000Z	In God‚Äôs own country.	Headline	0
1282691566457552896	1972	37850	LeeLee54689633	False	2020-07-13T15:02:55.000Z		Headline	0
14165481	741	136454	Maxamegalon2000	False	2008-03-17T20:05:37.000Z	Milwaukee, WI	Headline	1
23551268	2643	385721	aukletqd	False	2009-03-10T03:30:58.000Z		Headline	1
25379461	406	152005	arizman2	False	2009-03-19T20:36:20.000Z	VARIOUS	Headline	1
32088857	334	25125	Dorothy1946	False	2009-04-16T18:51:31.000Z	Indiana, USA, Planet Earth	Headline	1
67801872	2965	245859	valwayne	False	2009-08-22T03:24:58.000Z	Denver, CO	Headline	1
85457903	19	42059	mindyshammer	False	2009-10-27T00:25:38.000Z	Cincinnati	Headline	1
93922728	2044	363371	jt120651	False	2009-12-01T19:14:03.000Z	Beach Park, Illinois USA	Headline	1
99570482	22	2310	Nebblkshts	False	2009-12-26T20:36:59.000Z		Headline	1
136941832	1026	10552	chappie3333	False	2010-04-25T09:54:29.000Z	belgium	Headline	1
186045114	11567	14685	PolitiFactWisc	True	2010-09-02T13:19:33.000Z	Milwaukee, Wisconsin	Headline	1
195045036	2669	45162	VivianCreekmore	False	2010-09-25T17:10:35.000Z	Southern WI	Headline	1
300049028	5709	51600	_HighArt_	False	2011-05-17T03:26:49.000Z	Canada	Headline	1
306605069	366	40313	the1andonlyRNR	False	2011-05-28T05:08:06.000Z		Headline	1
383583763	4574	199368	sallytca	False	2011-10-02T04:25:04.000Z	OR	Headline	1
389648599	3832	378243	politiwars	False	2011-10-12T19:37:41.000Z	America	Headline	1
468381060	100	1824	debrocq5	False	2012-01-19T13:42:54.000Z		Headline	1
588922547	499	12666	yeshurunbt	False	2012-05-24T07:33:54.000Z	◊ô◊©◊®◊ê◊ú	Headline	1
854452675	55	5694	NJChupp	False	2012-09-30T09:55:43.000Z		Headline	1
1539564943	26558	685806	suekhi	False	2013-06-22T21:28:35.000Z	ohio	Headline	1
1911303422	39542	210396	NeonNettle	False	2013-09-27T14:28:19.000Z		Headline	1
2493222307	208	23390	RedPeriodismoMx	False	2014-05-13T16:21:27.000Z		Headline	1
2493301574	616	5532	GinaRooroo8	False	2014-05-13T17:36:20.000Z	Wisconsin	Headline	1
2826499106	1332	36960	PJWEB5	False	2014-09-22T14:47:38.000Z		Headline	1
4268670137	3107	131643	WilsonJohnas	False	2015-11-24T23:55:09.000Z		Headline	1
4909595516	33	13684	AceofSpace1974	False	2016-02-15T04:08:19.000Z	New York, NY	Headline	1
780319580094763008	2	5230	rvsam999	False	2016-09-26T08:14:20.000Z	Arizona, USA	Headline	1
876537555017183232	864	8089	jalopuu194	False	2017-06-18T20:30:13.000Z	Helsinki, Finland	Headline	1
1049088391164416000	80	35540	DwnTwnWithBrown	False	2018-10-08T00:05:38.000Z	Iowa City, Iowa	Headline	1
1208421799853056000	12	5033	ip_raman	False	2019-12-21T16:20:26.000Z	Universe	Headline	1
1239177524103561216	447	13351	FutureGhost14	False	2020-03-15T13:12:06.000Z		Headline	1
1292796401219506176	5	19235	CoronaDoller	False	2020-08-10T12:15:22.000Z		Headline	1
1353872252823953408	872	42172	t_hypocracy	False	2021-01-26T01:08:13.000Z		Headline	1
1447742440291504128	8187	48666	NewsNancy9	False	2021-10-12T01:57:48.000Z	USA	Headline	1
1481693470175682560	3	1476	Righteousangeer	False	2022-01-13T18:24:35.000Z		Headline	1
1853398040	11817	173700	CharlesRamos63	False	2013-09-11T05:23:41.000Z	 Nevada, USA	Headline	2
2433516463	1174	402628	HpfulCanadian	False	2014-04-08T12:01:48.000Z	Toronto, Ontario	Headline	2
886395614556246016	3445	46317	Sunshinelove68	False	2017-07-16T01:22:37.000Z	üá∫üá∏ USA üá∫üá∏	Headline	2
784304	651275	37927	sxsw	True	2007-02-20T20:39:13.000Z	Austin, TX	URL	0
11113542	104	16552	shawnrosvold	False	2007-12-13T03:12:36.000Z	Colorado USA	URL	0
13348842	418	320187	y2_naranja	False	2008-02-11T15:05:41.000Z	Sapporo,Hokkaido,Japan	URL	0
15646547	84191	43769	APIenergy	True	2008-07-29T14:15:24.000Z		URL	0
15928761	131	4986	parallelsky	False	2008-08-21T07:02:38.000Z		URL	0
19563355	33833	27669	NumbersUSA	True	2009-01-26T22:41:13.000Z	Washington, DC	URL	0
19719380	53477	43398	AAUW	True	2009-01-29T16:44:35.000Z	Washington, DC	URL	0
20828096	4519	208175	dougallday	False	2009-02-14T03:09:37.000Z	Clermont, FL	URL	0
37303117	39940	16564	HoustonHealth	True	2009-05-02T22:55:17.000Z	Houston, TX	URL	0
44008952	7	1765	Ellenech	False	2009-06-01T23:57:26.000Z		URL	0
65064806	109	42727	lifeofajaybird	False	2009-08-12T15:31:11.000Z		URL	0
82350646	1639	1761098	marciojmsilva	False	2009-10-14T12:47:43.000Z	Porto, Portugal	URL	0
95480831	22760	17665	CIS_org	True	2009-12-08T19:07:40.000Z	Washington, DC	URL	0
99859737	238	18368	TWILLYG2	False	2009-12-28T04:25:56.000Z	Colorado	URL	0
105111646	172	15006	007point5	False	2010-01-15T11:39:18.000Z	variable	URL	0
133642765	445	9095	Suphee33	False	2010-04-16T08:31:31.000Z	United Kingdom	URL	0
153830293	566	40854	dumpingtea1773	False	2010-06-09T16:59:36.000Z	US of Banana Republic	URL	0
187216700	49	8334	MykeChaz	False	2010-09-05T16:11:43.000Z	New York	URL	0
203712911	1012	22696	JuanM_asenjo	False	2010-10-16T23:14:49.000Z	Buenos Aires, Argentina	URL	0
241027377	205	16736	hauvinen	False	2011-01-21T08:25:01.000Z		URL	0
282747242	28627	94498	MarkSKrikorian	True	2011-04-15T20:54:41.000Z	üá∫üá∏ üá∫üá∏ üá∫üá∏	URL	0
329904264	3472	199502	asktatia	False	2011-07-05T20:04:26.000Z	üåçwide 	URL	0
346123311	1322	145119	SomeRandomGuy5	False	2011-07-31T19:24:05.000Z	USA	URL	0
374571047	1030	37787	Navysports123	False	2011-09-16T15:05:34.000Z	Maryland, USA	URL	0
479072036	1257	16471	Alain_Deckers	False	2012-01-31T00:09:12.000Z		URL	0
563246350	238	5228	shellipell	False	2012-04-25T22:35:31.000Z	USA 	URL	0
586539512	39	5700	ykc421	False	2012-05-21T13:22:52.000Z	London, England	URL	0
863491279	4105	143237	tmsnbb	False	2012-10-05T18:37:23.000Z	Cape Girardeau MO	URL	0
1022176122	17365	5971	premierbhiggs	True	2012-12-19T14:25:35.000Z	Quispamsis, NB	URL	0
1266858422	205	11123	MilFitInstitute	False	2013-03-14T11:36:59.000Z	Dunfermline, Scotland	URL	0
1366323350	982	7636	KrystinaLiberty	False	2013-04-20T06:27:26.000Z		URL	0
1392956425	109620	48052	EcoSenseNow	False	2013-04-30T20:03:19.000Z	Canada, Mexico	URL	0
1447839254	7324	36355	rswoger	False	2013-05-22T03:10:22.000Z	Rockwall, TX	URL	0
1904911326	51521	15316	Gov_NB	True	2013-09-25T17:46:30.000Z	New Brunswick, Canada	URL	0
1904981058	4014	14919	Gouv_NB	False	2013-09-25T18:16:40.000Z	Nouveau-Brunswick, Canada	URL	0
2149633483	93	2153	connellykirsten	False	2013-10-22T19:56:50.000Z	Los Fresnos, TX	URL	0
2241592166	4372	105459	JosephHucks	False	2013-12-12T01:03:05.000Z		URL	0
2265885618	1056	200181	GordBolton	False	2013-12-28T13:09:55.000Z		URL	0
2316435600	634	30374	AustinBMedia_	False	2014-01-29T03:24:15.000Z	Oak Grove, AR	URL	0
2343619081	960	19751	gmasonFL	False	2014-02-14T13:56:07.000Z	Gainesville, Florida	URL	0
2429476459	9930	34730	BuildUpRDNs	False	2014-04-05T21:23:40.000Z	United States	URL	0
2495115408	254	12844	dadalac	False	2014-05-14T22:03:23.000Z	Goldsboro, NC	URL	0
2514536004	103	10680	NWbok	False	2014-05-22T05:27:31.000Z	üá∫üá∏	URL	0
2780946762	159	27498	kenleesmith1	False	2014-08-30T19:03:03.000Z	Houston, TX	URL	0
2955156513	118	16786	Blessedlife4you	False	2015-01-01T17:52:52.000Z	North Carolina, USA	URL	0
3165933216	12	2641	nanachat78	False	2015-04-20T22:33:22.000Z	Minnesota, USA	URL	0
3270423594	886	27266	brillianttrave1	False	2015-07-07T00:33:45.000Z		URL	0
3906880779	49	1844	AGalNY	False	2015-10-09T07:33:57.000Z	New York, USA	URL	0
4095955278	1556	98739	jchrthomas	False	2015-11-02T00:05:10.000Z	CA ‚áî Peculiar, Mo. üè≥Ô∏è‚Äçüåà ‚áî NC	URL	0
4183085631	42	100	Quotable_World	False	2015-11-14T02:37:27.000Z		URL	0
4713646954	97	22282	dawncool56	False	2016-01-05T09:51:47.000Z	Hong Kong	URL	0
746944999053467648	49	1252	roxanaraduc	False	2016-06-26T05:55:40.000Z		URL	0
750349760234659840	283	39635	JoeKingNow	False	2016-07-05T15:24:58.000Z		URL	0
753651838663008256	735	9650	manuelvelez128	False	2016-07-14T18:06:15.000Z	San sebastian ,puerto rico.	URL	0
753791859856670720	168	10665	critical_verses	False	2016-07-15T03:22:39.000Z		URL	0
771810098025037824	2995	224425	TechmemeChatter	False	2016-09-02T20:40:42.000Z	San Francisco, CA	URL	0
774312043188858880	742	163218	MediagazerChat	False	2016-09-09T18:22:31.000Z		URL	0
776105373702971392	2239	154811	n00ge8	False	2016-09-14T17:08:35.000Z	Legislative hearing rooms etc.	URL	0
829856412259999744	42	71181	makeamericafinn	False	2017-02-10T00:56:01.000Z	desolate jingoistic tower	URL	0
899052625173393408	474	25614	BM7791	False	2017-08-19T23:37:04.000Z	England, United Kingdom	URL	0
960971835755114496	2585	401028	SisyphusGoals	False	2018-02-06T20:21:54.000Z	4 8 15 16 23 42	URL	0
1191823226399158272	16	274	M87151217	False	2019-11-05T21:03:03.000Z		URL	0
1194642371583127552	162	3469	Wendy18534774	False	2019-11-13T15:45:31.000Z	Earth	URL	0
1203245637560496128	1484	5323	WakeUpSleepies	False	2019-12-07T09:31:42.000Z	Willamette Valley, Oregon	URL	0
1264036953101496320	133	3470	MordichaiBibleG	False	2020-05-23T03:34:48.000Z		URL	0
1280345273785597952	47	2091	Taz6tazi	False	2020-07-07T03:38:46.000Z		URL	0
1294958829499809792	432	45975	LieselGreer	False	2020-08-16T11:27:49.000Z	North Carolina, USA	URL	0
1327042140854226944	85	23934	Senders25240695	False	2020-11-13T00:14:46.000Z		URL	0
1343232079115390976	696	38502	Hx2CP3mKftQLMwJ	False	2020-12-27T16:28:30.000Z		URL	0
1472666873024192512	306	919	Charles21577763	False	2021-12-19T20:36:06.000Z	United States	URL	0
1490460125366161408	12	797	Jeffrey22947534	False	2022-02-06T22:59:33.000Z		URL	0
1490899945691377664	4	507	wtpandco	False	2022-02-08T04:07:19.000Z		URL	0
1492785882872561664	1111	25979	MarkReady13	False	2022-02-13T09:01:17.000Z	York, England	URL	0
1518723420665651200	26	308	PeloChad	False	2022-04-25T22:47:56.000Z		URL	0
4937061	9926	1099614	lizditz	False	2007-04-17T01:16:54.000Z	San Mateo County, California	URL	1
5692542	329258	167898	statesman	True	2007-05-01T19:36:41.000Z	Austin, Texas	URL	1
15886477	2193	833923	tadrow	False	2008-08-18T00:16:11.000Z	The Eastern Oregon outback	URL	1
26239840	5444	10016	ichudov	False	2009-03-24T13:50:17.000Z	USA	URL	1
290362175	2969	603769	Barbiewithatude	False	2011-04-30T04:47:35.000Z	San Diego	URL	1
312149882	63992	1732826	Chris_1791	False	2011-06-06T17:20:55.000Z	Philadelphia PA, USA	URL	1
388602710	1245	319608	joejaggi	False	2011-10-11T01:18:25.000Z	http://bit.ly/ovxWZA	URL	1
393855734	34176	391553	wandainparis	False	2011-10-19T05:42:57.000Z		URL	1
1284184980	78	193788	cherOMG50	False	2013-03-20T20:24:15.000Z	Texas, USA	URL	1
2247799814	2170	662683	girlzinger	False	2013-12-15T21:49:17.000Z	Kansas, USA	URL	1
2266541233	5395	289701	FlaniganColette	False	2013-12-28T22:49:18.000Z	Milwaukee, WI	URL	1
2773289125	725	34892	zerosuiside	False	2014-08-27T13:25:10.000Z	Êó•Êú¨	URL	1
3385616975	622	100416	shelly35160	False	2015-07-21T09:02:26.000Z	Alabama, USA	URL	1
806675383013806080	5383	190497	denuribe73	False	2016-12-08T01:42:53.000Z	Pflugerville, TX	URL	1
827987659196944384	894	229933	DanielleNorgedm	False	2017-02-04T21:10:16.000Z	Tampa Bay üá∫üá∏üá∫üá∏üá∫üá∏	URL	1
951878033471950848	3800	15293	SharedHealthMB	True	2018-01-12T18:06:23.000Z	Winnipeg, MB	URL	1
1310982818206547968	276	170374	ia_vets	False	2020-09-29T16:41:05.000Z	Druid Hills, GA	URL	1
1395400706446831616	93	2145	TruthDL13	False	2021-05-20T15:27:28.000Z		URL	1
1467197316092207104	116	4115	Rebecca44894291	False	2021-12-04T18:21:46.000Z	97103	URL	1
6251432	8951	105044	nasescobar316	False	2007-05-23T04:12:54.000Z	United States	URL	1
16312139	1324	21011	willkriski	False	2008-09-16T15:43:08.000Z	Sackville, New Brunswick	URL	1
17789957	140	3262	mszinck	False	2008-12-01T21:31:00.000Z	Moncton, New Brunswick	URL	1
18819827	265	142752	pavulous	False	2009-01-09T23:20:07.000Z	Columbus	URL	1
19024093	746	3724	HallwayOrchard	False	2009-01-15T14:54:51.000Z		URL	1
23474643	230	6491	_shelse_	False	2009-03-09T18:21:41.000Z	New Brunswick, Canada	URL	1
30534986	39112	72470	kausmickey	False	2009-04-11T22:00:09.000Z		URL	1
32865110	31	7962	jskdn	False	2009-04-18T12:15:33.000Z		URL	1
34086707	821	90639	huffandpuff	False	2009-04-21T23:20:40.000Z		URL	1
45072260	1724	78834	majesticprimate	False	2009-06-06T05:00:49.000Z	Oxford, England	URL	1
52584402	730	22985	PravdaPereira	False	2009-07-01T01:07:54.000Z	New York, USA	URL	1
57627251	619	13262	ACTIONGIRL12	False	2009-07-17T12:16:04.000Z	Strategic marketing pro NY	URL	1
62346069	529	23910	penpencilbrush	False	2009-08-02T20:44:39.000Z		URL	1
73552185	172	5899	Sorghe	False	2009-09-12T02:46:49.000Z	√úT: 45.254685,-66.063194	URL	1
74475274	494	5407	NinjaBellFencer	False	2009-09-15T15:34:02.000Z		URL	1
90773725	1719	22874	Drewbueno	False	2009-11-18T01:47:08.000Z	Leesburg, VA	URL	1
123653506	13093	17876	DominicCardy	True	2010-03-16T20:12:19.000Z	Fredericton, New Brunswick	URL	1
125025989	64	7469	Deuce181	False	2010-03-21T12:24:47.000Z	Canada	URL	1
160922574	415	8287	Insurance4uNB	False	2010-06-29T13:39:26.000Z	Keswick Ridge, NB	URL	1
224339579	1423	49686	plrsTweet	False	2010-12-08T19:06:04.000Z	Canada	URL	1
229596604	1374	46805	DAKDIS	False	2010-12-22T20:32:29.000Z	ATL, Georgiafornia	URL	1
236471892	1947	27575	bleasdalefamily	False	2011-01-10T17:29:19.000Z	New Brunswick, Canada	URL	1
258450358	146	12661	NoxidTrebor	False	2011-02-27T19:12:39.000Z	Fredericton, NB, Canada	URL	1
273172086	258	6253	ThinkLearnVote	False	2011-03-28T00:04:41.000Z	Canada	URL	1
312252364	1261	51700	LArtdelInfusion	False	2011-06-06T20:35:33.000Z	Caraquet, Nouveau-Brunswick	URL	1
373580557	555	24876	Marco2Imagine	False	2011-09-14T20:51:26.000Z	Canada	URL	1
396269496	138	28639	Cosmobones	False	2011-10-23T01:03:48.000Z	Canada	URL	1
552353592	571	3889	Cyber_Murphy	False	2012-04-12T23:56:03.000Z	Saint John, New Brunswick	URL	1
584546251	4642	341998	NoDaTeddi	False	2012-05-19T07:48:07.000Z	Charlotte, NC	URL	1
587568666	1432	2352	ElizabethWeir2	False	2012-05-22T14:58:26.000Z		URL	1
597006955	587	241412	tupelohoney2000	False	2012-06-02T02:24:57.000Z		URL	1
874743020	391	288040	kornegay_danna	False	2012-10-12T02:03:39.000Z	Texas	URL	1
1262872968	3268	448709	LatAmFr	False	2013-03-12T21:13:57.000Z		URL	1
1317644011	3515	57324	moose_man4	False	2013-03-31T03:24:35.000Z		URL	1
1491499364	425	5531	Jon4u16	False	2013-06-07T23:14:18.000Z	New Brunswick, Canada	URL	1
1699266222	936	363799	davwain1	False	2013-08-25T14:08:16.000Z		URL	1
2480039071	1597	125125	LauraDiebra	False	2014-05-06T16:09:46.000Z	Florida, USA	URL	1
2540195644	896	34495	JerseyanUSA	False	2014-05-11T02:43:09.000Z	Great Swamp & Passaic River NJ	URL	1
2586724117	1563	17000	mtelford_cis	False	2014-06-25T02:30:29.000Z	Washington, D.C.	URL	1
2592143102	4635	15586	JonFeere	False	2014-06-27T23:52:00.000Z	Washington, D.C. via NorCal	URL	1
2892113915	601	58967	pennylane007007	False	2014-11-25T15:34:13.000Z		URL	1
2907764831	112	7416	mrsclhhs	False	2014-12-06T14:00:49.000Z		URL	1
3396504400	43	5651	comeau_charles	False	2015-07-31T01:32:51.000Z		URL	1
4362419422	2651	17641	DawnAllsun	False	2015-12-03T15:00:29.000Z	Wolastoqiyik(Maliseet)/Mi'kmaq	URL	1
4828084955	10083	368465	MariaBonanno9	False	2016-01-20T00:19:02.000Z	Forgetaboutit, New Jersey, USA	URL	1
706853047390048256	107	14136	NerdDeath	False	2016-03-07T14:44:34.000Z	squared away	URL	1
762364447616884737	634	14997	Hershel_Lives	False	2016-08-07T19:07:03.000Z	ü§°üåé New Brunswick	URL	1
763344702896607234	31	682	GoodAndSaucy	False	2016-08-10T12:02:14.000Z		URL	1
771300337458216960	2256	12549	CanuckInNB	False	2016-09-01T10:55:05.000Z	New Brunswick, Canada	URL	1
772548712904159232	523	57992	pblowe2	False	2016-09-04T21:35:41.000Z	Rothesay, N.B.	URL	1
781224578890604544	243	88389	JackDavisAZ	False	2016-09-28T20:10:28.000Z		URL	1
784160355589160960	158	9032	99_99emptyspace	False	2016-10-06T22:36:12.000Z	Canada	URL	1
800176649757073408	197	5419	RFPhotog	False	2016-11-20T03:19:14.000Z	Sussex, NB  Canada	URL	1
803002549947109376	24	38274	ijuanl	False	2016-11-27T22:28:21.000Z	United States	URL	1
808759463146618880	828	4320	thisguy2854	False	2016-12-13T19:44:16.000Z	Canada	URL	1
825527749410484224	97	2238	davidwpeddle	False	2017-01-29T02:15:27.000Z	Fredericton, New Brunswick	URL	1
839276201139191808	162	26890	Myr226	False	2017-03-08T00:46:54.000Z		URL	1
845940645072175104	557	71116	WellsBlackerby	False	2017-03-26T10:09:01.000Z		URL	1
897687573614743552	136	21249	RayJLeBlanc	False	2017-08-16T05:12:50.000Z		URL	1
920789748368601088	1715	42975	8USC12	False	2017-10-18T23:12:38.000Z		URL	1
921573868116037632	933	71129	JackJhe42	False	2017-10-21T03:08:26.000Z	Texas, USA	URL	1
945991601846980608	481	7556	doylelaker	False	2017-12-27T12:15:48.000Z	New Brunswick, Canada	URL	1
952756536786395136	1441	44640	kiely_leo	False	2018-01-15T04:17:14.000Z		URL	1
984496140417630208	330	5046	TeeeEmtee	False	2018-04-12T18:19:05.000Z	canada	URL	1
992612307820793856	449	76027	CavazosLiz	False	2018-05-05T03:49:50.000Z		URL	1
995678286112948225	25	1897	Kacho1992	False	2018-05-13T14:52:56.000Z	New Brunswick, Canada	URL	1
1013387642296250368	102	3870	IncVape	False	2018-07-01T11:43:36.000Z	Moncton, New Brunswick	URL	1
1024321127148134406	764	14320	feltford	False	2018-07-31T15:49:22.000Z	Settler on the Wolastoq	URL	1
1028866124623110144	5095	14214	WCWOA	False	2018-08-13T04:49:34.000Z	United States Of America	URL	1
1032454160879370240	16	1509	beyeac	False	2018-08-23T02:27:08.000Z	Saint John, New Brunswick	URL	1
1047804468413313024	1288	38862	WilliamLSeymour	False	2018-10-04T11:03:47.000Z	Fredericton, New Brunswick	URL	1
1048686950402670597	3912	23417	WildyCanadian	False	2018-10-06T21:30:27.000Z	Canada	URL	1
1050949155617722369	106	5060	PunkyWildcard	False	2018-10-13T03:19:39.000Z		URL	1
1071235695765647360	361	9813	Lamath008	False	2018-12-08T02:51:07.000Z	Canada	URL	1
1147081254296281088	126	3191	SenseKeto	False	2019-07-05T09:54:17.000Z		URL	1
1166166733809496066	2586	55760	of_guner	False	2019-08-27T01:53:37.000Z	NB	URL	1
1168610862690721792	326	7435	newfymainlander	False	2019-09-02T19:45:29.000Z	New Brunswick, Canada	URL	1
1213200136890765313	264	16695	ridgeback_the	False	2020-01-03T20:47:29.000Z		URL	1
1240343342304694272	57	7743	paulthomassj	False	2020-03-18T18:24:47.000Z	Saint John, New Brunswick	URL	1
1242082373744963585	60	616	anglehart_chris	False	2020-03-23T13:34:58.000Z	Moncton, New Brunswick	URL	1
1243599991983177728	637	8965	faustmartel	False	2020-03-27T18:06:02.000Z		URL	1
1246452272806100997	192	2220	Chrissy19993	False	2020-04-04T14:59:24.000Z	USA and Canada	URL	1
1255600412121538567	1174	8802	PepStreebek1	False	2020-04-29T20:50:52.000Z	New Brunswick and Florida	URL	1
1264605383412375555	281	5125	Tw1st3d_1r0n	False	2020-05-24T17:13:28.000Z	New Brunswick, Canada	URL	1
1295803883642474496	135	96980	LBF04155855	False	2020-08-18T19:25:23.000Z		URL	1
1334641284179501056	197	7109	emqule	False	2020-12-03T23:31:02.000Z		URL	1
1350762480016912391	252	74098	ModratM	False	2021-01-17T11:10:53.000Z		URL	1
1366992338367709185	836	8957	ThomPain4	False	2021-03-03T06:04:32.000Z	Antarctica	URL	1
1386903389712404481	1083	4663	BasketCasecase	False	2021-04-27T04:42:01.000Z	New Brunswick	URL	1
1390524467676340226	295	9793	drbean42533472	False	2021-05-07T04:30:56.000Z	People's Republic of Chinada	URL	1
1392665735969873924	40	970	don_vosburgh	False	2021-05-13T02:19:39.000Z		URL	1
1399836985263636481	324	9411	char_krieger	False	2021-06-01T21:15:46.000Z	New Brunswick, Canada	URL	1
1408839670495006724	166	9602	JohnDiPaolo3	False	2021-06-26T17:29:07.000Z	Silicon Valley CA	URL	1
1419427838206296068	683	6001	PatriotResolute	False	2021-07-25T22:42:38.000Z	Just a pilgrim 	URL	1
1427797408528883714	227	3991	HollinaMay	False	2021-08-18T01:00:13.000Z	New Brunswick, Canada	URL	1
1432385736972587009	209	9506	ElyzaRose2021	False	2021-08-30T16:53:02.000Z	Hell, Canada	URL	1
1437589675322007553	45	5759	sselrehtaef	False	2021-09-14T01:31:24.000Z	Fredericton, New Brunswick	URL	1
1438174582146490372	2768	44367	nb_covid_info	False	2021-09-15T16:15:34.000Z	New Brunswick, Canada	URL	1
1440038613970939915	41	974	JJKENNE11904585	False	2021-09-20T19:42:25.000Z		URL	1
1441955974055559172	87	18608	SidBurton6	False	2021-09-26T02:42:06.000Z		URL	1
1447411372933931008	130	6338	covid_con	False	2021-10-11T03:59:04.000Z		URL	1
1471126764885880832	30	1534	MycBaker221	False	2021-12-15T14:35:36.000Z	Dark side of the moon	URL	1
1488986450318315526	4	507	the_franktank	False	2022-02-02T21:23:48.000Z		URL	1
1489230180518346754	8	1691	MYOFB5	False	2022-02-03T13:32:07.000Z	MYOFB, New Brunswick, Canada	URL	1
1492109701311610882	492	3675	HeritageRancher	False	2022-02-11T12:14:41.000Z	Canada	URL	1
727483	2005	42661	johnsgunn	False	2007-01-29T18:26:45.000Z	Moncton, NB, Canada	URL	2
11698322	18839	85263	hjarche	False	2007-12-31T20:30:32.000Z	Sackville, NB, Canada	URL	2
14558099	89	3370	PolitcalStoneNB	False	2008-04-27T14:01:51.000Z	Saint John NB	URL	2
15235091	3679	183394	stardustnf	False	2008-06-25T18:58:29.000Z	Saint John, New Brunswick	URL	2
15808730	120	2989	jdcarleton	False	2008-08-11T14:38:04.000Z	New Brunswick, Canada	URL	2
20558746	3294	6067	abby_teed	False	2009-02-11T00:00:11.000Z	Saint John, NB	URL	2
24071566	793	24745	DanielHatfield	False	2009-03-12T23:40:08.000Z	Fredericton, NB, Canada	URL	2
24939699	2510	10657	ErinSchryer	False	2009-03-17T19:42:54.000Z	Saint John, NB	URL	2
25602239	67	2339	rnosewor	False	2009-03-20T23:50:19.000Z	Moncton, New Brunswick	URL	2
28610489	4225	39802	kathleenpeacock	False	2009-04-03T17:30:42.000Z	Atlantic Canada	URL	2
28868046	321	3601	ltud	False	2009-04-04T20:51:30.000Z	Saint John, NB	URL	2
28969723	807	95640	_hello_ocean_	False	2009-04-05T10:36:18.000Z	New Brunswick, Canada	URL	2
29461237	149	4180	zacadie	False	2009-04-07T14:42:58.000Z	Saint-√âdouard-de-Kent Acadie	URL	2
30265738	324	23532	Woodsfanatic	False	2009-04-10T17:31:34.000Z	Canada	URL	2
31296003	796	3944	hillygirl1939	False	2009-04-15T01:30:30.000Z	Fredericton, New Brunswick	URL	2
34235398	2194	69299	rosellam	False	2009-04-22T10:16:48.000Z	Fredericton, Acadie	URL	2
38490036	2251	8915	PFIRorg	False	2009-05-07T18:47:34.000Z	Washington	URL	2
47696403	312	23065	borderlinebroke	False	2009-06-16T18:13:40.000Z	NB	URL	2
49593512	296	69949	niknikMoore	False	2009-06-22T10:37:23.000Z	South Coast, England	URL	2
70520925	269	3772	Abbeygale	False	2009-08-31T22:34:00.000Z	Fredericton, NB, Canada	URL	2
97464181	337	7709	fvandenburg	False	2009-12-17T15:26:25.000Z	Canada	URL	2
107514108	208	139077	VinoVince	False	2010-01-22T20:37:51.000Z	Canada	URL	2
113434346	165	5873	rileypix	False	2010-02-11T19:06:40.000Z		URL	2
113754405	5379	133970	dawnymock	False	2010-02-12T22:59:34.000Z	Fredericton New Brunswick	URL	2
137774521	314	16424	CletusCanuck	False	2010-04-27T18:35:22.000Z	East Canuckistan	URL	2
170284796	533	61033	WillDickeson	False	2010-07-24T12:12:12.000Z	Here	URL	2
182433557	254	1311	lynnfrennette	False	2010-08-24T15:52:38.000Z	Saint John, New Brunswick	URL	2
192783982	633	44061	CasualCognition	False	2010-09-20T03:56:10.000Z	Onterrible #COVIDisAirborne	URL	2
218953601	527	22258	Beard_InTheBush	False	2010-11-23T15:20:09.000Z	NB	URL	2
243898214	638	28285	jnarai	False	2011-01-28T01:48:48.000Z	Unceded Territories, Colonies	URL	2
249889781	195	1535	LauraJCoutts	False	2011-02-10T00:20:34.000Z		URL	2
258173498	166	1951	GCarter82	False	2011-02-27T03:38:11.000Z	Moncton, New Brunswick	URL	2
258649769	127	2527	treats83	False	2011-02-28T04:53:56.000Z		URL	2
264905801	110	8582	RadicalSensible	False	2011-03-12T17:10:36.000Z	Moscow, Russia	URL	2
268830016	1709	31824	signindoc	False	2011-03-19T15:10:52.000Z	Saint John, New Brunswick	URL	2
276192766	17	651	PaulVMartin	False	2011-04-02T21:14:18.000Z		URL	2
277306851	564	8877	ADHD_Mel	False	2011-04-05T03:14:39.000Z	New Brunswick	URL	2
315272854	754	178237	DagmarUnger	False	2011-06-11T15:56:15.000Z		URL	2
359666633	3071	12041	matthewfhayes	False	2011-08-22T00:03:32.000Z	Fredericton, Canada	URL	2
419551467	914	10269	OwenWGreen	False	2011-11-23T13:57:04.000Z	Saint John, New Brunswick	URL	2
468815571	117	4525	PaulGMaher	False	2012-01-19T23:13:38.000Z	Boyd‚Äôs Corner New Brunswick	URL	2
471986624	671	16429	SkylarKDM	False	2012-01-23T13:36:56.000Z	Fredericton, NB w/ NL roots	URL	2
485796964	120	5545	daiglemichelle	False	2012-02-07T15:53:36.000Z		URL	2
533475851	2241	30881	prof_brunt	False	2012-03-22T20:35:56.000Z	Canada, Dalhousie Medicine, NB	URL	2
552850407	516	6117	Weakshine	False	2012-04-13T15:06:15.000Z		URL	2
595951797	371	1319	chantelle_snow	False	2012-05-31T22:08:51.000Z	Fredericton, NB	URL	2
624702730	236	3155	Babineer	False	2012-07-02T14:15:20.000Z	Moncton, New Brunswick	URL	2
1195978087	598	12973	harlickjen	False	2013-02-19T05:19:38.000Z	Saint John, New Brunswick	URL	2
1276309436	3708	90690	RealStirfryguy	False	2013-03-17T23:49:02.000Z	Oromocto-Lincoln	URL	2
1375176727	458	4822	DukeLeBout	False	2013-04-23T18:11:56.000Z	all over	URL	2
1532522600	826	11432	reeeiiid	False	2013-06-20T01:51:12.000Z	Wolastoqiyik Wahsipekuk	URL	2
1706203484	7963	444875	gmarie55	False	2013-08-28T03:15:14.000Z		URL	2
1851406200	249	4691	JuanitaMacLean	False	2013-09-10T13:01:58.000Z	Hanwell, New Brunswick	URL	2
1878590347	870	14477	AmazonAllie73	False	2013-09-18T08:02:07.000Z	Moncton, NB	URL	2
2171375750	1007	51149	KayPear99	False	2013-11-03T03:06:27.000Z	Unsurrendered Wolostoqey land	URL	2
2219828840	202	11354	NEcoWarrior	False	2013-11-28T14:30:07.000Z		URL	2
2229489905	43	921	Gorlochy	False	2013-12-17T02:32:53.000Z		URL	2
2345956774	547	22364	TompkinsLynne	False	2014-02-16T01:48:25.000Z	Fredericton	URL	2
2355563440	71	980	BevBml22	False	2014-02-21T00:48:47.000Z	New Brunswick, Canada	URL	2
2373608642	336	1575	AmityLassiter	False	2014-03-05T11:33:56.000Z	Canada	URL	2
2804588070	762	6944	PhotonicPunk	False	2014-09-12T00:43:25.000Z	unceded ancestral lands of the Mi‚Äôkmaw People	URL	2
2811269237	652	15443	Andystuff123	False	2014-10-06T19:25:04.000Z		URL	2
2820808245	517	3713	MistaMonteith	False	2014-10-09T23:22:59.000Z	NB	URL	2
2899871279	222	14125	Phoenix_Timber	False	2014-11-30T22:48:05.000Z	Fredericton	URL	2
2903614908	2036	82211	lynayanb	False	2014-11-18T13:19:55.000Z	Saint John, nb	URL	2
2976592509	137	4499	_Rose_SG	False	2015-01-13T15:41:47.000Z	NB Canada	URL	2
3063277289	179	1923	unknowninkj	False	2015-02-25T20:42:39.000Z		URL	2
3131316923	274	18633	RalfLopios	False	2015-04-02T14:26:28.000Z		URL	2
4245248561	151	23933	PhotobearSam	False	2015-11-21T22:31:02.000Z	NB Canada & Port Charlotte FL	URL	2
710244018026909696	571	4377	kateyqm	False	2016-03-16T23:19:04.000Z	Moncton, New Brunswick	URL	2
726418735452442624	42	2321	AndrewJ323	False	2016-04-30T14:31:37.000Z	Saint John New Brunswick	URL	2
738575222937255936	3769	12351	PDeniseLong	False	2016-06-03T03:37:10.000Z	North of Average	URL	2
765184232658526208	18	882	Alexandre_Ric01	False	2016-08-15T13:51:52.000Z	Beresford, New Brunswick	URL	2
808388367771648000	114	5456	G0rdanShumway	False	2016-12-12T19:09:40.000Z	Canada	URL	2
822858080828461058	40	1082	SLorraineS	False	2017-01-21T17:27:09.000Z	New Brunswick, Canada	URL	2
848940016290209792	303	4283	GenYInterrupted	False	2017-04-03T16:47:27.000Z		URL	2
850124612549705728	1361	187351	RexannaKeats	False	2017-04-06T23:14:37.000Z	Dual Citizen	URL	2
903998799894466560	91	16053	KendraIzzy	False	2017-09-02T15:11:24.000Z	Canada	URL	2
919586825391431680	447	18929	WSofD	False	2017-10-15T15:32:39.000Z	Wellington North, Ontario	URL	2
955942250084732933	79	4720	CdnFury	False	2018-01-23T23:16:07.000Z	World	URL	2
1013329112167936000	531	13887	60Recce	False	2018-07-01T07:51:01.000Z		URL	2
1096434130139734016	1840	67252	maperettedm	False	2019-02-15T15:40:42.000Z	Michigan USA	URL	2
1099345532999282690	989	27850	MattMartigon	False	2019-02-23T16:29:34.000Z	Your head, brain and mind.	URL	2
1124007324803325952	76	7395	In_Otter_Words	False	2019-05-02T17:46:44.000Z	San Jose, CA	URL	2
1196102648300220417	54	7693	happynowcupcake	False	2019-11-17T16:27:55.000Z		URL	2
1198935274186776577	61	1064	sharla_cfm	False	2019-11-25T12:03:47.000Z		URL	2
1220024588320432128	970	7151	tincanfire	False	2020-01-22T16:45:21.000Z	Wabanaki ‚ÄòNew Brunswick‚Äô	URL	2
1266798530334732294	177	894	mssmeetsyt	False	2020-05-30T18:28:25.000Z	New Brunswick, Canada	URL	2
1273997983617605636	158	4069	fffffork	False	2020-06-19T15:16:21.000Z		URL	2
1351170256732102657	32	1971	yellatpolitics	False	2021-01-18T14:11:15.000Z	Fredericton, New Brunswick	URL	2
1363349678847328259	670	61269	RantsOnMute	False	2021-02-21T04:48:02.000Z		URL	2
1397878766182060035	1097	2789	Zlata66204550	False	2021-05-27T11:34:13.000Z		URL	2
1400227590535790594	368	3083	Cocolovesblueb1	False	2021-06-02T23:07:40.000Z		URL	2
1427589882541756445	93	9968	PaulWBillings2	False	2021-08-17T11:15:39.000Z	Canada	URL	2
1432330610048184323	82	723	freecanadian95	False	2021-08-30T13:13:32.000Z		URL	2
1469320555899858949	13	1211	AmandaClark2021	False	2021-12-10T14:58:27.000Z		URL	2
1484293308729991169	73	8095	RobertD31953562	False	2022-01-20T22:35:00.000Z		URL	2
1490014885278855174	47	2574	mariaconway123	False	2022-02-05T17:30:14.000Z	Canada	URL	2
1493958023655698433	116	1593	Gtr_Pckr1967	False	2022-02-16T14:39:06.000Z	New Brunswick, Canada	URL	2
16393088	670	9196	AllisonTaylor12	False	2008-09-21T17:42:24.000Z	Miramichi, New Brunswick	URL	3
16607694	615	10335	cluttercoco	False	2008-10-06T00:27:32.000Z	Canada	URL	3
22317663	11627	14823	DavidElfstrom	False	2009-03-01T01:17:15.000Z	Norfolk County, Ontario	URL	3
24111630	108	736	Cindog007	False	2009-03-13T02:46:27.000Z	Fredericton, New Brunswick	URL	3
24573102	1563	11859	seasidecourtney	False	2009-03-15T19:41:50.000Z	Menahkwesk/Saint John	URL	3
27972480	1791	23566	sonjaferne	False	2009-03-31T21:52:34.000Z		URL	3
37041517	491	10129	andreguimond	False	2009-05-01T21:04:45.000Z	NB, Canada	URL	3
37491208	4876	26632	RayDoesData	False	2009-05-03T20:15:05.000Z	Fredericton, New Brunswick	URL	3
95428883	1396	14219	HudsonCreates	False	2009-12-08T14:19:16.000Z	Moncton, New Brunswick, Canada	URL	3
142845144	457	2294	ErinDMorton	False	2010-05-11T22:48:40.000Z	 Ekwpahak | Fredericton	URL	3
162281775	506	12714	NicoleMac19	False	2010-07-03T05:44:42.000Z		URL	3
299667476	1943	10662	SkinnerLyle	False	2011-05-16T13:59:56.000Z		URL	3
402103929	2118	37756	burnettisms	False	2011-10-31T15:14:53.000Z	New Brunswick, Canada	URL	3
406364521	56	5354	CanadaEastMade	False	2011-11-06T16:17:17.000Z	New Brunswick, Canada	URL	3
431715359	107	10890	RichidsCoulter	False	2011-12-08T16:16:28.000Z	West Palm Beach, FL	URL	3
497345535	160	1079	chris_langille	False	2012-02-19T22:02:02.000Z	Saint John, NB, Canada	URL	3
608395920	1030	25337	teesock	False	2012-06-14T17:12:33.000Z	Siknikt/Sud-est du N.-B.	URL	3
1000121898	1163	230259	valentino_nora	False	2012-12-09T20:42:23.000Z	from Minto, NB 	URL	3
2270638872	132	1105	freddyracingfan	False	2013-12-31T17:34:53.000Z		URL	3
2367974874	1965	9917	RobertELaurie	False	2014-03-02T01:50:00.000Z	Fredericton, New Brunswick	URL	3
2991482234	664	4443	paperfrost	False	2015-01-20T18:11:07.000Z	Canada	URL	3
3421192726	780	131594	Hi_IQ_Trump	False	2015-08-13T22:46:02.000Z	Thomas Jefferson's Head	URL	3
3620811375	690	12016	karamichellef	False	2015-09-11T13:44:19.000Z	Fredericton, New Brunswick	URL	3
4645247777	1612	30295	MeanmuthaC	False	2015-12-29T17:32:06.000Z		URL	3
4864183912	104	8263	lamiales7	False	2016-01-30T15:33:13.000Z		URL	3
798966081658519552	1350	8362	heathergridiron	False	2016-11-16T19:08:52.000Z	New Brunswick, Canada	URL	3
1074596682967306240	113	1634	cheriedawn2	False	2018-12-17T09:26:29.000Z		URL	3
1100179883324518400	561	1369	JuliaWoodhall	False	2019-02-25T23:44:59.000Z	Saint John, New Brunswick	URL	3
1163672437634080768	401	1361	DoNoHarmBeKind	False	2019-08-20T04:41:54.000Z	üá®üá¶ 	URL	3
1186663689233092608	232	1321	robbelcakes	False	2019-10-22T15:20:58.000Z	New Brunswick, Canada	URL	3
1221546795123212288	77	1089	RickComtois24	False	2020-01-26T21:33:57.000Z		URL	3
1231270345300160518	1816	158728	SilviPastured	False	2020-02-22T17:32:01.000Z	So-called Canada	URL	3
1291381155669966848	205	7482	ElsiesWoke	False	2020-08-06T14:31:00.000Z		URL	3
1330857459913723904	496	2640	CaroleePond	False	2020-11-23T12:55:29.000Z	Fredericton, New Brunswick	URL	3
1331636330447728642	371	2827	SMcLaren12	False	2020-11-25T16:30:26.000Z	New Brunswick	URL	3
1355259181050298372	79	11951	TheColo97363255	False	2021-01-29T20:59:12.000Z		URL	3
1357794025449873417	81	783	OwenH_c137	False	2021-02-05T20:52:29.000Z	Saint John, New Brunswick	URL	3
1375122522849558534	5	809	NancyBo14287997	False	2021-03-25T16:30:19.000Z		URL	3
1392545934093996039	49	6551	SleepyJoeyB1	False	2021-05-12T18:23:25.000Z	Delaware, USA	URL	3
1396231584353816577	110	7639	DavidHo87522901	False	2021-05-22T22:28:54.000Z	Quispamsis NB	URL	3
1421666737544736771	12	568	Annoyed_N_Tired	False	2021-08-01T02:59:16.000Z	New Brunswick, Canada	URL	3
1473112191423418368	6	491	Looking4truth5	False	2021-12-21T02:05:30.000Z	Canada	URL	3
1480130883764039680	52	416	Shera_Richard74	False	2022-01-09T10:54:55.000Z		URL	3
1483543274526806020	3	1610	Tinhatbabies	False	2022-01-18T20:54:49.000Z	Canada	URL	3
41063	7723	187093	andrea_r	False	2006-12-04T19:09:16.000Z	Fredericton, NB, Canada	URL	4
9553222	4362	72062	MarkDykeman	False	2007-10-19T23:55:49.000Z	New Brunswick, Canada	URL	4
21823322	1222	28341	DeniseMiller76	False	2009-02-25T01:52:57.000Z	Kingston New Brunswick	URL	4
33323689	392	46272	EleventhOcean	False	2009-04-19T22:02:00.000Z	Atlantic Canada	URL	4
35439211	88	532	savarda	False	2009-04-26T09:55:04.000Z	Dieppe, NB	URL	4
69872253	5475	10524	JeanneCBC	False	2009-08-29T13:56:48.000Z	Fredericton, New Brunswick	URL	4
86621516	1377	39696	PretendEditor	False	2009-10-31T23:24:43.000Z	Wisiamkik Gespe'gewa'gi	URL	4
299204159	120	544	McParts11	False	2011-05-15T17:42:33.000Z		URL	4
950745830	113	1161	Party_Drew	False	2012-11-16T01:06:39.000Z	Port City	URL	4
1080370795	246	5994	KatharynCote	False	2013-01-11T17:25:22.000Z	Hanwell, NB	URL	4
1593684523	321	6531	mauve_58	False	2013-07-14T15:37:45.000Z		URL	4
1722101461	86	1397	Sallywagger	False	2013-09-02T11:34:31.000Z		URL	4
2432196850	1173	15095	davidlyons67	False	2014-03-24T00:29:32.000Z	New Brunswick, Canada	URL	4
4092999496	581	6064	BAStephenson60	False	2015-11-01T22:15:54.000Z	The Pale Blue Dot, lower right	URL	4
4807239035	633	9058	NatBelliveau	False	2016-01-14T20:07:14.000Z	Moncton, New Brunswick	URL	4
1147209629895516161	640	30561	uptownini	False	2019-07-05T18:24:24.000Z	Unceded Wolastoqiyik Territory	URL	4
1155438382769745922	116	2843	bef_def	False	2019-07-28T11:22:32.000Z	New Brunswick, Canada	URL	4
1301347043152211975	64	1636	John_B_Strawn	False	2020-09-03T02:31:51.000Z	Fredericton, New Brunswick	URL	4
1314638459613655040	782	10696	HiggsAndRussell	False	2020-10-09T18:47:56.000Z		URL	4
1338494990964678656	1724	27855	Diane05363872	False	2020-12-14T14:44:20.000Z	Cape Breton, Nova Scotia	URL	4
1380526791207575554	14	935	Joe55321846	False	2021-04-09T14:24:01.000Z	New Brunswick	URL	4
1403786690897092618	5045	7603	cooochyMeowMeow	False	2021-06-12T18:50:38.000Z	Irving tainted soil	URL	4
1458064092506337282	206	4016	vanbastarache	False	2021-11-09T13:29:13.000Z	Siknikt/Mi‚Äôkma‚Äôki	URL	4
1490751565807984643	172	1832	HarveyGirl67	False	2022-02-07T18:17:54.000Z		URL	4
14165481	792	142706	Maxamegalon2000	False	2008-03-17T20:05:37.000Z	Milwaukee, WI	URL	5
14206958	1337	18712	AndrewOfYFC	False	2008-03-24T12:21:33.000Z	Fredericton, New Brunswick	URL	5
14521003	2434	22642	chris_london	False	2008-04-25T01:58:16.000Z	Canada	URL	5
16317079	5009	224766	jefe_viejo	False	2008-09-16T20:31:01.000Z		URL	5
20724439	461	26245	jesseledesma	False	2009-02-12T22:05:31.000Z	el paso, texas, usa	URL	5
24545983	1632	53040	epileptrick	False	2009-03-15T16:32:53.000Z	Fredericton, Canada	URL	5
24683730	122	19116	ctrtrt	False	2009-03-16T12:34:23.000Z		URL	5
29234408	460	226323	GREED_90	False	2009-04-06T16:30:00.000Z	Washington, DC	URL	5
102536863	924	36158	Cynic2010	False	2010-01-07T01:22:12.000Z	Midatlantic... LISTS=BLOCK	URL	5
126729164	3691	174953	abripi	False	2010-03-26T20:19:35.000Z	Brazil	URL	5
136232735	2116	471525	tony_hambleton	False	2010-04-23T10:59:01.000Z	39.109 -76.77	URL	5
152072446	2063	70558	1angrymofo	False	2010-06-05T00:52:42.000Z		URL	5
336160087	1100	90819	sacpaaz	False	2011-07-15T20:54:22.000Z	Southern Arizona	URL	5
348229435	384	44920	StealthySmokey	False	2011-08-04T02:41:12.000Z	Cleveland, Ohio	URL	5
362084030	34839	322694	JesusNarrowWay	False	2011-08-25T20:38:23.000Z		URL	5
389648599	3902	381119	politiwars	False	2011-10-12T19:37:41.000Z	America	URL	5
392262999	804	10721	JaneMurphie	False	2011-10-16T19:36:05.000Z	Saint John, New Brunswick	URL	5
811341486	3522	21579	RhetoricRoll	False	2012-09-08T17:26:14.000Z	Saint John, New Brunswick	URL	5
950976000	1395	487528	FieldRoamer	False	2012-11-16T04:28:35.000Z	Southern California	URL	5
1169438480	8789	898132	OldSalz	False	2013-02-11T16:55:25.000Z	NJ, USA	URL	5
1853398040	11834	174173	CharlesRamos63	False	2013-09-11T05:23:41.000Z	 Nevada, USA	URL	5
1911303422	39636	211966	NeonNettle	False	2013-09-27T14:28:19.000Z		URL	5
2299826742	12952	226572	NoSurrender200	False	2014-01-19T14:58:05.000Z	NC	URL	5
2764242773	5525	574227	real_Stephanie	False	2014-09-07T20:03:05.000Z	üá∫üá∏	URL	5
2855909550	347	8932	ScottMWaddell	False	2014-10-14T20:44:15.000Z	Fredericton, New Brunswick	URL	5
2972870754	38333	121308	The_FJC	False	2015-01-10T20:10:29.000Z	United States	URL	5
3435940588	24429	1119413	PatriotMarie70	False	2015-08-22T20:05:10.000Z	TrumpTrain, USA	URL	5
3551046323	5674	918966	carrybeyond	False	2015-09-05T02:46:54.000Z		URL	5
4230938057	2410	755366	ElkeHollings	False	2015-11-20T01:57:23.000Z		URL	5
714949505720823808	20572	1056184	DebraMMason1	False	2016-03-29T22:57:00.000Z		URL	5
731171734292992000	29	25351	damo724	False	2016-05-13T17:18:20.000Z	Pennsylvania, USA	URL	5
867502704658075648	650	13809	alisonburnis	False	2017-05-24T22:08:56.000Z	Miramichi, New Brunswick	URL	5
876537555017183232	864	8765	jalopuu194	False	2017-06-18T20:30:13.000Z	Helsinki, Finland	URL	5
896661935269302272	2103	35918	FrankHan8964	False	2017-08-13T09:17:19.000Z	United States	URL	5
1014161844213170176	374	105291	Struth92701547	False	2018-07-03T15:00:00.000Z	In God‚Äôs own country.	URL	5
1208421799853056000	12	5030	ip_raman	False	2019-12-21T16:20:26.000Z	Universe	URL	5
1216809146600824832	3725	134009	YukiNek56432140	False	2020-01-13T19:49:02.000Z	Lieu de naissance Kyoto	URL	5
1255975803554271235	1058	25401	LBerlicoco	False	2020-04-30T21:42:39.000Z	Halifax, Nova Scotia	URL	5
1263590441368215560	22	875	EorlundGray	False	2020-05-21T22:00:25.000Z		URL	5
1280968981185265677	58	1148	SJtweetingisfun	False	2020-07-08T20:56:32.000Z	Saint John, New Brunswick	URL	5
1281303947857113088	1126	307072	VickiMo08056436	False	2020-07-09T19:08:12.000Z		URL	5
1292796401219506176	5	20965	CoronaDoller	False	2020-08-10T12:15:22.000Z		URL	5
1353872252823953408	990	45459	t_hypocracy	False	2021-01-26T01:08:13.000Z		URL	5
1453155411620765696	412	66632	hatejacktoo	False	2021-10-27T00:23:59.000Z		URL	5
1481693470175682560	3	1474	Righteousangeer	False	2022-01-13T18:24:35.000Z		URL	5
